Classification,Categories,Step,Baseline,CS_Mode,C_Mode
age,Old vs Young,20000,0.006307366,0.018048858,0.023461837
age,Old vs Young,40000,0.007937702,0.014623955,0.021983925
age,Old vs Young,60000,0.0044320864,0.01577885,0.017233972
age,Old vs Young,80000,0.005129445,0.014742054,0.01580479
age,Old vs Young,100000,0.0054576998,0.014451974,0.015113774
age,Old vs Young,120000,0.0061726524,0.01112072,0.010770357
age,Old vs Young,140000,0.0072330246,0.009266269,0.008337256
age,Old vs Young,160000,0.0070749437,0.009124479,0.009161463
age,Old vs Young,180000,0.006885081,0.008652837,0.008566476
age,Old vs Young,200000,0.006444082,0.00789275,0.008613073
attractive,Not Attractive vs Attractive,20000,0.013060084,0.01588074,0.024796063
attractive,Not Attractive vs Attractive,40000,0.013881955,0.018871285,0.029383134
attractive,Not Attractive vs Attractive,60000,0.015084744,0.026132246,0.025311789
attractive,Not Attractive vs Attractive,80000,0.017893082,0.023770526,0.022904167
attractive,Not Attractive vs Attractive,100000,0.019023757,0.022070812,0.021950133
attractive,Not Attractive vs Attractive,120000,0.019225474,0.018500306,0.01919486
attractive,Not Attractive vs Attractive,140000,0.019589482,0.016895536,0.017697243
attractive,Not Attractive vs Attractive,160000,0.019255051,0.016548837,0.01728979
attractive,Not Attractive vs Attractive,180000,0.018913737,0.01652425,0.017441569
attractive,Not Attractive vs Attractive,200000,0.018888729,0.016905453,0.01709093
bald,Hair vs Bald,20000,0.04392383,0.105760925,0.13619016
bald,Hair vs Bald,40000,0.03293865,0.05448726,0.057501532
bald,Hair vs Bald,60000,0.010342836,0.030198662,0.034575123
bald,Hair vs Bald,80000,0.01483535,0.023142109,0.027444053
bald,Hair vs Bald,100000,0.018014101,0.021020606,0.022833878
bald,Hair vs Bald,120000,0.022921214,0.025746785,0.02395752
bald,Hair vs Bald,140000,0.02455696,0.01868758,0.02194526
bald,Hair vs Bald,160000,0.02279775,0.019735323,0.021162046
bald,Hair vs Bald,180000,0.024934085,0.021270808,0.019582791
bald,Hair vs Bald,200000,0.026358407,0.021456558,0.021051219
bangs,No Bangs vs Bangs,20000,0.014946712,0.005087304,0.010222821
bangs,No Bangs vs Bangs,40000,0.007869057,0.017174354,0.026816456
bangs,No Bangs vs Bangs,60000,0.011298224,0.028944276,0.026970228
bangs,No Bangs vs Bangs,80000,0.0134540135,0.02772235,0.025859082
bangs,No Bangs vs Bangs,100000,0.013150951,0.026340786,0.025145603
bangs,No Bangs vs Bangs,120000,0.0130750025,0.019437,0.020172454
bangs,No Bangs vs Bangs,140000,0.012762161,0.021032088,0.019569263
bangs,No Bangs vs Bangs,160000,0.013213656,0.0213606,0.021120777
bangs,No Bangs vs Bangs,180000,0.01386582,0.020984672,0.021525718
bangs,No Bangs vs Bangs,200000,0.015976178,0.019316765,0.020533182
big_nose,Small Nose vs Big Nose,20000,0.020029418,0.03191022,0.037728682
big_nose,Small Nose vs Big Nose,40000,0.020187162,0.01883945,0.024084626
big_nose,Small Nose vs Big Nose,60000,0.018715464,0.01652125,0.0173515
big_nose,Small Nose vs Big Nose,80000,0.018618843,0.013139974,0.015025292
big_nose,Small Nose vs Big Nose,100000,0.019127129,0.011944361,0.013227723
big_nose,Small Nose vs Big Nose,120000,0.019184818,0.011541053,0.010853962
big_nose,Small Nose vs Big Nose,140000,0.019076034,0.013237192,0.012449756
big_nose,Small Nose vs Big Nose,160000,0.0194959,0.014709757,0.013628132
big_nose,Small Nose vs Big Nose,180000,0.019410016,0.015245925,0.014516114
big_nose,Small Nose vs Big Nose,200000,0.01923695,0.015995616,0.01415853
chubby,Not Chubby vs Chubby,20000,0.028787142,0.062563285,0.0755381
chubby,Not Chubby vs Chubby,40000,0.020514615,0.029787052,0.037980277
chubby,Not Chubby vs Chubby,60000,0.015198743,0.018128032,0.023413794
chubby,Not Chubby vs Chubby,80000,0.0131665645,0.014281832,0.020070555
chubby,Not Chubby vs Chubby,100000,0.013956681,0.012689711,0.016160682
chubby,Not Chubby vs Chubby,120000,0.0147069255,0.010332495,0.008453718
chubby,Not Chubby vs Chubby,140000,0.015152429,0.012098753,0.009174425
chubby,Not Chubby vs Chubby,160000,0.015604002,0.014649696,0.011786195
chubby,Not Chubby vs Chubby,180000,0.01570632,0.014841144,0.0126400385
chubby,Not Chubby vs Chubby,200000,0.016171867,0.01517369,0.0131767215
eyeglasses,No Glasses vs Glasses,20000,0.053839996,0.080619715,0.08840438
eyeglasses,No Glasses vs Glasses,40000,0.04533403,0.036462247,0.051847126
eyeglasses,No Glasses vs Glasses,60000,0.040116675,0.037040226,0.051169753
eyeglasses,No Glasses vs Glasses,80000,0.036141768,0.035834715,0.048515838
eyeglasses,No Glasses vs Glasses,100000,0.03310459,0.03476974,0.04477947
eyeglasses,No Glasses vs Glasses,120000,0.03220618,0.03193008,0.037236456
eyeglasses,No Glasses vs Glasses,140000,0.03288821,0.03387768,0.034209717
eyeglasses,No Glasses vs Glasses,160000,0.034263633,0.03541465,0.036159944
eyeglasses,No Glasses vs Glasses,180000,0.034193046,0.03543891,0.03525836
eyeglasses,No Glasses vs Glasses,200000,0.034185003,0.035930052,0.034642093
gender,Female vs Male,20000,0.029550677,0.037081614,0.05043052
gender,Female vs Male,40000,0.03412413,0.04205647,0.07251239
gender,Female vs Male,60000,0.033909637,0.065158635,0.0630602
gender,Female vs Male,80000,0.038569868,0.05839984,0.056319986
gender,Female vs Male,100000,0.04146824,0.05325266,0.052729595
gender,Female vs Male,120000,0.042525634,0.041052237,0.040830925
gender,Female vs Male,140000,0.044125695,0.03610661,0.037371308
gender,Female vs Male,160000,0.043454155,0.03517228,0.03607112
gender,Female vs Male,180000,0.043226495,0.03574361,0.036418784
gender,Female vs Male,200000,0.043845743,0.036584664,0.036005706
heavy_makeup,Light Makeup vs Heavy Makeup,20000,0.013967801,0.012116636,0.017065754
heavy_makeup,Light Makeup vs Heavy Makeup,40000,0.015823118,0.023460047,0.04407806
heavy_makeup,Light Makeup vs Heavy Makeup,60000,0.019792572,0.041966148,0.04000224
heavy_makeup,Light Makeup vs Heavy Makeup,80000,0.024506249,0.03828982,0.036254384
heavy_makeup,Light Makeup vs Heavy Makeup,100000,0.027064411,0.034258157,0.034283053
heavy_makeup,Light Makeup vs Heavy Makeup,120000,0.02765705,0.026232097,0.026798977
heavy_makeup,Light Makeup vs Heavy Makeup,140000,0.027917273,0.024063924,0.024775924
heavy_makeup,Light Makeup vs Heavy Makeup,160000,0.027505456,0.023544056,0.023959298
heavy_makeup,Light Makeup vs Heavy Makeup,180000,0.02698591,0.023315964,0.024193611
heavy_makeup,Light Makeup vs Heavy Makeup,200000,0.02705571,0.023824807,0.0236399
high_cheekbones,Low Cheekbones vs High Cheekbones,20000,0.012206644,0.00792644,0.008553932
high_cheekbones,Low Cheekbones vs High Cheekbones,40000,0.018246839,0.02239404,0.039510444
high_cheekbones,Low Cheekbones vs High Cheekbones,60000,0.01825631,0.039236248,0.04078222
high_cheekbones,Low Cheekbones vs High Cheekbones,80000,0.021641506,0.03742829,0.037505873
high_cheekbones,Low Cheekbones vs High Cheekbones,100000,0.023698239,0.035388764,0.03556987
high_cheekbones,Low Cheekbones vs High Cheekbones,120000,0.024228085,0.03163091,0.031285767
high_cheekbones,Low Cheekbones vs High Cheekbones,140000,0.024467116,0.026450615,0.02686557
high_cheekbones,Low Cheekbones vs High Cheekbones,160000,0.024559068,0.025144035,0.025405785
high_cheekbones,Low Cheekbones vs High Cheekbones,180000,0.024070278,0.024693612,0.025370106
high_cheekbones,Low Cheekbones vs High Cheekbones,200000,0.024044547,0.024307232,0.024316307
smiling,Not Smiling vs Smiling,20000,0.018936474,0.014609156,0.016409775
smiling,Not Smiling vs Smiling,40000,0.025737347,0.031191552,0.051260695
smiling,Not Smiling vs Smiling,60000,0.024736397,0.048576675,0.05126378
smiling,Not Smiling vs Smiling,80000,0.028741619,0.04681562,0.04730371
smiling,Not Smiling vs Smiling,100000,0.031175917,0.045014847,0.0452946
smiling,Not Smiling vs Smiling,120000,0.031866122,0.04198566,0.042086966
smiling,Not Smiling vs Smiling,140000,0.0320573,0.034924988,0.03621276
smiling,Not Smiling vs Smiling,160000,0.032169957,0.03309853,0.033826184
smiling,Not Smiling vs Smiling,180000,0.031477552,0.032636788,0.033711433
smiling,Not Smiling vs Smiling,200000,0.03162022,0.032217488,0.032344144
